1	Once	once	IN	O	O	7	prep	_	_
2	upon	upon	IN	O	O	1	pcomp	_	_
3	a	a	DT	O	O	4	det	_	_
4	time	time	NN	O	O	2	pobj	_	_
5	...	...	:	O	O	0	_	_	_
6	there	there	EX	O	O	7	expl	_	_
7	lived	live	VBD	O	O	0	_	_	_
8	an	a	DT	O	O	11	det	_	_
9	unhappy	unhappy	JJ	O	O	11	amod	_	_
10	young	young	JJ	O	O	11	amod	_	_
11	girl	girl	NN	O	O	7	dobj	_	_
12	.	.	.	O	O	0	_	_	_

1	Unhappy	unhappy	RB	O	O	3	advmod	_	_
2	she	she	PRP	O	O	3	nsubj	_	_
3	was	be	VBD	O	O	0	_	_	_
4	,	,	,	O	O	0	_	_	_
5	for	for	IN	O	O	3	dep	_	_
6	her	she	PRP$	O	O	7	poss	_	_
7	mother	mother	NN	O	O	9	nsubj	_	_
8	was	be	VBD	O	O	9	cop	_	_
9	dead	dead	JJ	O	O	3	dep	_	_
10	,	,	,	O	O	0	_	_	_
11	her	she	PRP$	O	O	12	poss	_	_
12	father	father	NN	O	O	14	nsubj	_	_
13	had	have	VBD	O	O	14	aux	_	_
14	married	marry	VBN	O	O	3	dep	_	_
15	another	another	DT	O	O	16	det	_	_
16	woman	woman	NN	O	O	14	dobj	_	_
17	,	,	,	O	O	0	_	_	_
18	a	a	DT	O	O	19	det	_	_
19	widow	widow	NN	O	O	16	appos	_	_
20	with	with	IN	O	O	19	prep	_	_
21	two	two	CD	O	O	22	num	_	_
22	daughters	daughter	NNS	O	O	20	pobj	_	_
23	,	,	,	O	O	0	_	_	_
24	and	and	CC	O	O	3	cc	_	_
25	her	she	PRP$	O	O	26	poss	_	_
26	stepmother	stepmother	NN	O	O	27	nsubj	_	_
27	did	do	VBD	O	O	3	conj	_	_
28	n't	not	RB	O	O	27	neg	_	_
29	like	like	IN	O	O	27	prep	_	_
30	her	she	PRP$	O	O	33	poss	_	_
31	one	one	CD	O	O	33	num	_	_
32	little	little	JJ	O	O	33	amod	_	_
33	bit	bit	NN	O	O	29	pobj	_	_
34	.	.	.	O	O	0	_	_	_

1	All	all	PDT	O	O	4	predet	_	_
2	the	the	DT	O	O	4	det	_	_
3	nice	nice	JJ	O	O	4	amod	_	_
4	things	thing	NNS	O	O	11	nsubj	_	_
5	,	,	,	O	O	0	_	_	_
6	kind	kind	NN	O	O	7	nn	_	_
7	thoughts	thought	NNS	O	O	4	conj	_	_
8	and	and	CC	O	O	4	cc	_	_
9	loving	love	VBG	O	O	10	amod	_	_
10	touches	touch	NNS	O	O	4	conj	_	_
11	were	be	VBD	O	O	0	_	_	_
12	for	for	IN	O	O	11	prep	_	_
13	her	she	PRP$	O	O	15	poss	_	_
14	own	own	JJ	O	O	15	amod	_	_
15	daughters	daughter	NNS	O	O	12	pobj	_	_
16	.	.	.	O	O	0	_	_	_

1	And	and	CC	O	O	6	cc	_	_
2	not	not	RB	O	O	3	dep	_	_
3	just	just	RB	O	O	6	dep	_	_
4	the	the	DT	O	O	6	det	_	_
5	kind	kind	NN	O	O	6	nn	_	_
6	thoughts	thought	NNS	O	O	0	_	_	_
7	and	and	CC	O	O	6	cc	_	_
8	love	love	NN	O	O	6	conj	_	_
9	,	,	,	O	O	0	_	_	_
10	but	but	CC	O	O	11	cc	_	_
11	also	also	RB	O	O	12	cc	_	_
12	dresses	dress	NNS	O	O	6	appos	_	_
13	,	,	,	O	O	0	_	_	_
14	shoes	shoe	NNS	O	O	12	appos	_	_
15	,	,	,	O	O	0	_	_	_
16	shawls	shawl	NNS	O	O	12	appos	_	_
17	,	,	,	O	O	0	_	_	_
18	delicious	delicious	JJ	O	O	19	amod	_	_
19	food	food	NN	O	O	12	appos	_	_
20	,	,	,	O	O	0	_	_	_
21	comfy	comfy	JJ	O	O	22	amod	_	_
22	beds	bed	NNS	O	O	12	appos	_	_
23	,	,	,	O	O	0	_	_	_
24	as	as	RB	O	O	25	advmod	_	_
25	well	well	RB	O	O	12	cc	_	_
26	as	as	IN	O	O	25	mwe	_	_
27	every	every	DT	O	O	29	det	_	_
28	home	home	NN	O	O	29	nn	_	_
29	comfort	comfort	NN	O	O	12	conj	_	_
30	.	.	.	O	O	0	_	_	_

1	All	all	PDT	O	O	2	predet	_	_
2	this	this	DT	O	O	4	nsubjpass	_	_
3	was	be	VBD	O	O	4	auxpass	_	_
4	laid	lay	VBN	O	O	0	_	_	_
5	on	on	RP	O	O	4	prt	_	_
6	for	for	IN	O	O	4	prep	_	_
7	her	she	PRP$	O	O	8	poss	_	_
8	daughters	daughter	NNS	O	O	6	pobj	_	_
9	.	.	.	O	O	0	_	_	_

1	But	but	CC	O	O	10	cc	_	_
2	,	,	,	O	O	0	_	_	_
3	for	for	IN	O	O	10	prep	_	_
4	the	the	DT	O	O	7	det	_	_
5	poor	poor	JJ	O	O	7	amod	_	_
6	unhappy	unhappy	JJ	O	O	7	amod	_	_
7	girl	girl	NN	O	O	3	pobj	_	_
8	,	,	,	O	O	0	_	_	_
9	there	there	EX	O	O	10	expl	_	_
10	was	be	VBD	O	O	0	_	_	_
11	nothing	nothing	NN	O	O	10	nsubj	_	_
12	at	at	IN	O	O	10	prep	_	_
13	all	all	DT	O	O	12	pobj	_	_
14	.	.	.	O	O	0	_	_	_

1	No	no	DT	O	O	2	det	_	_
2	dresses	dress	NNS	O	O	0	_	_	_
3	,	,	,	O	O	0	_	_	_
4	only	only	RB	O	O	2	advmod	_	_
5	her	she	PRP$	O	O	6	poss	_	_
6	stepsisters	stepsister	NNS	O	O	8	poss	_	_
7	'	'	POS	O	O	0	_	_	_
8	hand-me-downs	hand-me-downs	NNS	O	O	2	dep	_	_
9	.	.	.	O	O	0	_	_	_

1	No	no	DT	O	O	3	det	_	_
2	lovely	lovely	JJ	O	O	3	amod	_	_
3	dishes	dish	NNS	O	O	7	nsubj	_	_
4	,	,	,	O	O	0	_	_	_
5	nothing	nothing	NN	O	O	3	appos	_	_
6	but	but	CC	O	O	5	advmod	_	_
7	scraps	scrap	VBZ	O	O	0	_	_	_
8	.	.	.	O	O	0	_	_	_

1	No	no	DT	O	O	2	det	_	_
2	nice	nice	JJ	O	O	3	nsubj	_	_
3	rests	rest	VBZ	O	O	0	_	_	_
4	and	and	CC	O	O	3	cc	_	_
5	comfort	comfort	NN	O	O	3	conj	_	_
6	.	.	.	O	O	0	_	_	_

1	For	for	IN	O	O	3	dep	_	_
2	she	she	PRP	O	O	3	nsubj	_	_
3	had	have	VBD	O	O	0	_	_	_
4	to	to	TO	O	O	5	aux	_	_
5	work	work	VB	O	O	3	xcomp	_	_
6	hard	hard	JJ	O	O	5	acomp	_	_
7	all	all	DT	O	O	8	det	_	_
8	day	day	NN	O	O	5	tmod	_	_
9	,	,	,	O	O	0	_	_	_
10	and	and	CC	O	O	3	cc	_	_
11	only	only	RB	O	O	12	advmod	_	_
12	when	when	WRB	O	O	14	advmod	_	_
13	evening	evening	NN	O	O	14	nsubj	_	_
14	came	come	VBD	O	O	15	advcl	_	_
15	was	be	VBD	O	O	3	conj	_	_
16	she	she	PRP	O	O	17	nsubj	_	_
17	allowed	allow	VBN	O	O	15	dep	_	_
18	to	to	TO	O	O	19	aux	_	_
19	sit	sit	VB	O	O	17	xcomp	_	_
20	for	for	IN	O	O	19	prep	_	_
21	a	a	DT	O	O	22	det	_	_
22	while	while	NN	O	O	20	pobj	_	_
23	by	by	IN	O	O	19	prep	_	_
24	the	the	DT	O	O	25	det	_	_
25	fire	fire	NN	O	O	23	pobj	_	_
26	,	,	,	O	O	0	_	_	_
27	near	near	IN	O	O	19	prep	_	_
28	the	the	DT	O	O	29	det	_	_
29	cinders	cinder	NNS	O	O	27	pobj	_	_
30	.	.	.	O	O	0	_	_	_

1	That	that	DT	O	O	2	nsubj	_	_
2	is	be	VBZ	O	O	0	_	_	_
3	how	how	WRB	O	O	5	advmod	_	_
4	she	she	PRP	O	O	5	nsubj	_	_
5	got	get	VBD	O	O	2	ccomp	_	_
6	her	she	PRP$	O	O	7	poss	_	_
7	nickname	nickname	NN	O	O	5	dobj	_	_
8	,	,	,	O	O	0	_	_	_
9	for	for	IN	O	O	7	prep	_	_
10	everybody	everybody	NN	O	O	9	pobj	_	_
11	called	call	VBN	O	O	10	partmod	_	_
12	her	she	PRP$	O	O	13	poss	_	_
13	Cinderella	Cinderella	NNP	O	O	11	dobj	_	_
14	.	.	.	O	O	0	_	_	_

1	Cinderella	Cinderella	NNP	O	O	2	nsubj	_	_
2	used	use	VBD	O	O	0	_	_	_
3	to	to	TO	O	O	4	aux	_	_
4	spend	spend	VB	O	O	2	xcomp	_	_
5	long	long	JJ	O	O	6	amod	_	_
6	hours	hour	NNS	O	O	4	dobj	_	_
7	all	all	RB	O	O	4	advmod	_	_
8	alonetalking	alonetalk	VBG	O	O	4	prep	_	_
9	to	to	TO	O	O	8	pcomp	_	_
10	the	the	DT	O	O	11	det	_	_
11	cat	cat	NN	O	O	9	pobj	_	_
12	.	.	.	O	O	0	_	_	_

1	The	the	DT	O	O	2	det	_	_
2	cat	cat	NN	O	O	3	nsubj	_	_
3	said	say	VBD	O	O	0	_	_	_
4	,	,	,	O	O	0	_	_	_
5	``	``	``	O	O	13	punct	_	_
6	Miaow``	Miaow``	NNP	O	O	13	nsubj	_	_
7	,	,	,	O	O	0	_	_	_
8	which	which	WDT	O	O	10	nsubj	_	_
9	really	really	RB	O	O	10	advmod	_	_
10	meant	mean	VBD	O	O	6	rcmod	_	_
11	,	,	,	O	O	0	_	_	_
12	``	``	``	O	O	6	punct	_	_
13	Cheer	cheer	VBD	O	O	3	ccomp	_	_
14	up	up	RP	O	O	13	prt	_	_
15	!	!	.	O	O	0	_	_	_

1	You	you	PRP	O	O	2	nsubj	_	_
2	have	have	VBP	O	O	0	_	_	_
3	something	something	NN	O	O	2	dobj	_	_
4	neither	neither	DT	O	O	8	nsubj	_	_
5	of	of	IN	O	O	4	prep	_	_
6	your	you	PRP$	O	O	7	poss	_	_
7	stepsisters	stepsister	NNS	O	O	5	pobj	_	_
8	have	have	VBP	O	O	2	ccomp	_	_
9	and	and	CC	O	O	8	cc	_	_
10	that	that	IN	O	O	12	mark	_	_
11	is	be	VBZ	O	O	12	cop	_	_
12	beauty	beauty	NN	O	O	8	conj	_	_
13	.	.	.	O	O	0	_	_	_
14	``	``	``	O	O	2	punct	_	_

1	It	it	PRP	O	O	4	nsubj	_	_
2	was	be	VBD	O	O	4	cop	_	_
3	quite	quite	RB	O	O	4	advmod	_	_
4	true	true	JJ	O	O	0	_	_	_
5	.	.	.	O	O	0	_	_	_

1	Cinderella	Cinderella	NNP	O	O	19	nsubj	_	_
2	,	,	,	O	O	0	_	_	_
3	even	even	RB	O	O	4	advmod	_	_
4	dressed	dress	VBN	O	O	1	partmod	_	_
5	in	in	IN	O	O	4	prep	_	_
6	rags	rag	NNS	O	O	5	pobj	_	_
7	with	with	IN	O	O	4	prep	_	_
8	a	a	DT	O	O	11	det	_	_
9	dusty	dusty	JJ	O	O	11	amod	_	_
10	grey	grey	JJ	O	O	11	amod	_	_
11	face	face	NN	O	O	7	pobj	_	_
12	from	from	IN	O	O	4	prep	_	_
13	the	the	DT	O	O	14	det	_	_
14	cinders	cinder	NNS	O	O	12	pobj	_	_
15	,	,	,	O	O	0	_	_	_
16	was	be	VBD	O	O	19	cop	_	_
17	a	a	DT	O	O	19	det	_	_
18	lovely	lovely	JJ	O	O	19	amod	_	_
19	girl	girl	NN	O	O	0	_	_	_
20	.	.	.	O	O	0	_	_	_

